[
{
    "model": "experiment.experiment",
    "pk": 2,
    "fields": {
        "slug": "rhythm_battery",
        "theme_config": null,
        "active": true
    }
},
{
    "model": "experiment.experiment",
    "pk": 3,
    "fields": {
        "slug": "thkids",
        "theme_config": null,
        "active": true
    }
},
{
    "model": "experiment.experiment",
    "pk": 4,
    "fields": {
        "slug": "eurovision_2021",
        "theme_config": null,
        "active": true
    }
},
{
    "model": "experiment.experiment",
    "pk": 5,
    "fields": {
        "slug": "tunetwins",
        "theme_config": null,
        "active": true
    }
},
{
    "model": "experiment.experiment",
    "pk": 7,
    "fields": {
        "slug": "cat",
        "theme_config": null,
        "active": true
    }
},
{
    "model": "experiment.experiment",
    "pk": 8,
    "fields": {
        "slug": "huang_2022",
        "theme_config": null,
        "active": true
    }
},
{
    "model": "experiment.experiment",
    "pk": 9,
    "fields": {
        "slug": "christmas_2020",
        "theme_config": null,
        "active": true
    }
},
{
    "model": "experiment.experiment",
    "pk": 10,
    "fields": {
        "slug": "thats_my_song",
        "theme_config": null,
        "active": true
    }
},
{
    "model": "experiment.experiment",
    "pk": 11,
    "fields": {
        "slug": "tunetwins_icmpc",
        "theme_config": null,
        "active": true
    }
},
{
    "model": "experiment.experiment",
    "pk": 12,
    "fields": {
        "slug": "teletunes",
        "theme_config": null,
        "active": true
    }
},
{
    "model": "experiment.experiment",
    "pk": 13,
    "fields": {
        "slug": "mpst",
        "theme_config": null,
        "active": true
    }
},
{
    "model": "experiment.experiment",
    "pk": 14,
    "fields": {
        "slug": "mpref",
        "theme_config": null,
        "active": true
    }
},
{
    "model": "experiment.experiment",
    "pk": 15,
    "fields": {
        "slug": "tunetwinsvisual",
        "theme_config": null,
        "active": true
    }
},
{
    "model": "experiment.experiment",
    "pk": 16,
    "fields": {
        "slug": "congo-same-diff",
        "theme_config": null,
        "active": true
    }
},
{
    "model": "experiment.experiment",
    "pk": 17,
    "fields": {
        "slug": "tunetwinsvisual2",
        "theme_config": null,
        "active": true
    }
},
{
    "model": "experiment.experiment",
    "pk": 18,
    "fields": {
        "slug": "rhythm_outro",
        "theme_config": null,
        "active": true
    }
},
{
    "model": "experiment.phase",
    "pk": 1,
    "fields": {
        "experiment": 2,
        "index": 0,
        "dashboard": false,
        "randomize": false
    }
},
{
    "model": "experiment.phase",
    "pk": 2,
    "fields": {
        "experiment": 2,
        "index": 0,
        "dashboard": false,
        "randomize": true
    }
},
{
    "model": "experiment.phase",
    "pk": 3,
    "fields": {
        "experiment": 2,
        "index": 0,
        "dashboard": false,
        "randomize": false
    }
},
{
    "model": "experiment.phase",
    "pk": 4,
    "fields": {
        "experiment": 3,
        "index": 0,
        "dashboard": true,
        "randomize": false
    }
},
{
    "model": "experiment.phase",
    "pk": 5,
    "fields": {
        "experiment": 4,
        "index": 0,
        "dashboard": false,
        "randomize": false
    }
},
{
    "model": "experiment.phase",
    "pk": 6,
    "fields": {
        "experiment": 5,
        "index": 0,
        "dashboard": false,
        "randomize": false
    }
},
{
    "model": "experiment.phase",
    "pk": 8,
    "fields": {
        "experiment": 7,
        "index": 0,
        "dashboard": false,
        "randomize": false
    }
},
{
    "model": "experiment.phase",
    "pk": 9,
    "fields": {
        "experiment": 8,
        "index": 0,
        "dashboard": false,
        "randomize": false
    }
},
{
    "model": "experiment.phase",
    "pk": 10,
    "fields": {
        "experiment": 9,
        "index": 0,
        "dashboard": false,
        "randomize": false
    }
},
{
    "model": "experiment.phase",
    "pk": 11,
    "fields": {
        "experiment": 10,
        "index": 0,
        "dashboard": false,
        "randomize": false
    }
},
{
    "model": "experiment.phase",
    "pk": 12,
    "fields": {
        "experiment": 11,
        "index": 0,
        "dashboard": false,
        "randomize": false
    }
},
{
    "model": "experiment.phase",
    "pk": 13,
    "fields": {
        "experiment": 12,
        "index": 0,
        "dashboard": false,
        "randomize": false
    }
},
{
    "model": "experiment.phase",
    "pk": 14,
    "fields": {
        "experiment": 13,
        "index": 0,
        "dashboard": false,
        "randomize": false
    }
},
{
    "model": "experiment.phase",
    "pk": 15,
    "fields": {
        "experiment": 14,
        "index": 0,
        "dashboard": false,
        "randomize": false
    }
},
{
    "model": "experiment.phase",
    "pk": 16,
    "fields": {
        "experiment": 15,
        "index": 0,
        "dashboard": false,
        "randomize": false
    }
},
{
    "model": "experiment.phase",
    "pk": 17,
    "fields": {
        "experiment": 16,
        "index": 0,
        "dashboard": false,
        "randomize": false
    }
},
{
    "model": "experiment.phase",
    "pk": 18,
    "fields": {
        "experiment": 17,
        "index": 0,
        "dashboard": false,
        "randomize": false
    }
},
{
    "model": "experiment.phase",
    "pk": 19,
    "fields": {
        "experiment": 18,
        "index": 0,
        "dashboard": false,
        "randomize": false
    }
},
{
    "model": "experiment.block",
    "pk": 1,
    "fields": {
        "phase": 8,
        "index": 0,
        "image": null,
        "slug": "cat",
        "rounds": 70,
        "bonus_points": 0,
        "rules": "CATEGORIZATION",
        "theme_config": null,
        "playlists": [
            5
        ]
    }
},
{
    "model": "experiment.block",
    "pk": 3,
    "fields": {
        "phase": 15,
        "index": 0,
        "image": null,
        "slug": "mpref",
        "rounds": 64,
        "bonus_points": 0,
        "rules": "MUSICAL_PREFERENCES",
        "theme_config": null,
        "playlists": [
            1
        ]
    }
},
{
    "model": "experiment.block",
    "pk": 4,
    "fields": {
        "phase": 9,
        "index": 0,
        "image": null,
        "slug": "huang_2022",
        "rounds": 6,
        "bonus_points": 0,
        "rules": "HUANG_2022",
        "theme_config": null,
        "playlists": [
            3,
            34,
            6
        ]
    }
},
{
    "model": "experiment.block",
    "pk": 5,
    "fields": {
        "phase": 5,
        "index": 0,
        "image": null,
        "slug": "eurovision_2021",
        "rounds": 30,
        "bonus_points": 0,
        "rules": "EUROVISION_2020",
        "theme_config": null,
        "playlists": [
            4
        ]
    }
},
{
    "model": "experiment.block",
    "pk": 6,
    "fields": {
        "phase": 10,
        "index": 0,
        "image": null,
        "slug": "christmas_2020",
        "rounds": 30,
        "bonus_points": 0,
        "rules": "KUIPER_2020",
        "theme_config": null,
        "playlists": [
            2
        ]
    }
},
{
    "model": "experiment.block",
    "pk": 7,
    "fields": {
        "phase": 11,
        "index": 0,
        "image": null,
        "slug": "thats_my_song",
        "rounds": 15,
        "bonus_points": 0,
        "rules": "THATS_MY_SONG",
        "theme_config": null,
        "playlists": [
            69
        ]
    }
},
{
    "model": "experiment.block",
    "pk": 8,
    "fields": {
        "phase": 6,
        "index": 0,
        "image": null,
        "slug": "tunetwins",
        "rounds": 10,
        "bonus_points": 0,
        "rules": "MATCHING_PAIRS",
        "theme_config": null,
        "playlists": [
            70
        ]
    }
},
{
    "model": "experiment.block",
    "pk": 9,
    "fields": {
        "phase": 12,
        "index": 0,
        "image": null,
        "slug": "tunetwins_icmpc",
        "rounds": 10,
        "bonus_points": 0,
        "rules": "MATCHING_PAIRS_ICMPC",
        "theme_config": null,
        "playlists": [
            73
        ]
    }
},
{
    "model": "experiment.block",
    "pk": 10,
    "fields": {
        "phase": 2,
        "index": 0,
        "image": null,
        "slug": "hbat_bit",
        "rounds": 100,
        "bonus_points": 0,
        "rules": "H_BAT",
        "theme_config": null,
        "playlists": [
            74
        ]
    }
},
{
    "model": "experiment.block",
    "pk": 11,
    "fields": {
        "phase": 2,
        "index": 0,
        "image": null,
        "slug": "anis",
        "rounds": 100,
        "bonus_points": 0,
        "rules": "ANISOCHRONY",
        "theme_config": null,
        "playlists": [
            75
        ]
    }
},
{
    "model": "experiment.block",
    "pk": 12,
    "fields": {
        "phase": 2,
        "index": 0,
        "image": null,
        "slug": "bat",
        "rounds": 17,
        "bonus_points": 0,
        "rules": "BEAT_ALIGNMENT",
        "theme_config": null,
        "playlists": [
            76
        ]
    }
},
{
    "model": "experiment.block",
    "pk": 13,
    "fields": {
        "phase": 2,
        "index": 0,
        "image": null,
        "slug": "ddi",
        "rounds": 100,
        "bonus_points": 0,
        "rules": "DURATION_DISCRIMINATION",
        "theme_config": null,
        "playlists": [
            77
        ]
    }
},
{
    "model": "experiment.block",
    "pk": 14,
    "fields": {
        "phase": 2,
        "index": 0,
        "image": null,
        "slug": "ddit",
        "rounds": 100,
        "bonus_points": 0,
        "rules": "DURATION_DISCRIMINATION_TONE",
        "theme_config": null,
        "playlists": [
            78
        ]
    }
},
{
    "model": "experiment.block",
    "pk": 15,
    "fields": {
        "phase": 2,
        "index": 0,
        "image": null,
        "slug": "hbat_bfit",
        "rounds": 100,
        "bonus_points": 0,
        "rules": "H_BAT_BFIT",
        "theme_config": null,
        "playlists": [
            79
        ]
    }
},
{
    "model": "experiment.block",
    "pk": 16,
    "fields": {
        "phase": 2,
        "index": 0,
        "image": null,
        "slug": "hbat_bst",
        "rounds": 100,
        "bonus_points": 0,
        "rules": "BST",
        "theme_config": null,
        "playlists": [
            80
        ]
    }
},
{
    "model": "experiment.block",
    "pk": 17,
    "fields": {
        "phase": 2,
        "index": 0,
        "image": null,
        "slug": "rhdis",
        "rounds": 40,
        "bonus_points": 0,
        "rules": "RHYTHM_DISCRIMINATION",
        "theme_config": null,
        "playlists": [
            81
        ]
    }
},
{
    "model": "experiment.block",
    "pk": 18,
    "fields": {
        "phase": 13,
        "index": 0,
        "image": null,
        "slug": "teletunes",
        "rounds": 30,
        "bonus_points": 0,
        "rules": "HOOKED_TELETUNES",
        "theme_config": null,
        "playlists": [
            82
        ]
    }
},
{
    "model": "experiment.block",
    "pk": 19,
    "fields": {
        "phase": 14,
        "index": 0,
        "image": null,
        "slug": "mpst",
        "rounds": 8,
        "bonus_points": 0,
        "rules": "MUSICAL_PREFERENCES",
        "theme_config": null,
        "playlists": [
            83
        ]
    }
},
{
    "model": "experiment.block",
    "pk": 20,
    "fields": {
        "phase": 16,
        "index": 0,
        "image": null,
        "slug": "tunetwinsvisual",
        "rounds": 10,
        "bonus_points": 0,
        "rules": "VISUAL_MATCHING_PAIRS",
        "theme_config": null,
        "playlists": [
            84
        ]
    }
},
{
    "model": "experiment.block",
    "pk": 21,
    "fields": {
        "phase": 17,
        "index": 0,
        "image": null,
        "slug": "congo-same-diff",
        "rounds": 4,
        "bonus_points": 0,
        "rules": "CONGOSAMEDIFF",
        "theme_config": null,
        "playlists": [
            85
        ]
    }
},
{
    "model": "experiment.block",
    "pk": 22,
    "fields": {
        "phase": 18,
        "index": 0,
        "image": null,
        "slug": "tunetwinsvisual2",
        "rounds": 10,
        "bonus_points": 0,
        "rules": "MATCHING_PAIRS_LITE",
        "theme_config": null,
        "playlists": [
            84
        ]
    }
},
{
    "model": "experiment.block",
    "pk": 23,
    "fields": {
        "phase": 1,
        "index": 0,
        "image": null,
        "slug": "rhythm_intro",
        "rounds": 10,
        "bonus_points": 0,
        "rules": "RHYTHM_BATTERY_INTRO",
        "theme_config": null,
        "playlists": [
            67
        ]
    }
},
{
    "model": "experiment.block",
    "pk": 24,
    "fields": {
        "phase": 19,
        "index": 0,
        "image": null,
        "slug": "rhythm_outro",
        "rounds": 10,
        "bonus_points": 0,
        "rules": "RHYTHM_BATTERY_FINAL",
        "theme_config": null,
        "playlists": [
            67
        ]
    }
},
{
    "model": "experiment.block",
    "pk": 37,
    "fields": {
        "phase": 4,
        "index": 0,
        "image": null,
        "slug": "thk_absolute",
        "rounds": 5,
        "bonus_points": 0,
        "rules": "TOONTJE_HOGER_KIDS_4_ABSOLUTE",
        "theme_config": null,
        "playlists": [
            95
        ]
    }
},
{
    "model": "experiment.block",
    "pk": 38,
    "fields": {
        "phase": 4,
        "index": 0,
        "image": null,
        "slug": "thk_preverbal",
        "rounds": 2,
        "bonus_points": 0,
        "rules": "TOONTJE_HOGER_KIDS_2_PREVERBAL",
        "theme_config": null,
        "playlists": [
            87
        ]
    }
},
{
    "model": "experiment.block",
    "pk": 39,
    "fields": {
        "phase": 4,
        "index": 0,
        "image": null,
        "slug": "thk_mozart",
        "rounds": 2,
        "bonus_points": 0,
        "rules": "TOONTJE_HOGER_KIDS_1_MOZART",
        "theme_config": null,
        "playlists": [
            92
        ]
    }
},
{
    "model": "experiment.block",
    "pk": 40,
    "fields": {
        "phase": 4,
        "index": 0,
        "image": null,
        "slug": "thk_tempo",
        "rounds": 5,
        "bonus_points": 0,
        "rules": "TOONTJE_HOGER_KIDS_5_TEMPO",
        "theme_config": null,
        "playlists": [
            96
        ]
    }
},
{
    "model": "experiment.block",
    "pk": 41,
    "fields": {
        "phase": 4,
        "index": 0,
        "image": null,
        "slug": "thk_plink",
        "rounds": 10,
        "bonus_points": 0,
        "rules": "TOONTJE_HOGER_KIDS_3_PLINK",
        "theme_config": null,
        "playlists": [
            93
        ]
    }
},
{
    "model": "experiment.block",
    "pk": 42,
    "fields": {
        "phase": 4,
        "index": 0,
        "image": null,
        "slug": "thk_relative",
        "rounds": 2,
        "bonus_points": 0,
        "rules": "TOONTJE_HOGER_KIDS_6_RELATIVE",
        "theme_config": null,
        "playlists": [
            91
        ]
    }
}
]
